<?xml version="1.0" encoding="UTF-8"?>
<metadata xml:lang="en"><idinfo><keywords><place><placekt>None</placekt><placekey>North Carolina</placekey><placekey>United States</placekey></place><theme><themekey>base map</themekey><themekey>boundaries</themekey></theme></keywords><citation><citeinfo><origin>North Carolina Geodetic Survey</origin><title>North Carolina State and County Boundary Lines</title><pubinfo><publish>North Carolina Geodetic Survey</publish><pubplace>Raleigh, NC</pubplace></pubinfo><pubdate>20111130</pubdate><onlink>file://\\NRDLR11\vol2\Share\GEOD\OFFICIAL BASE Map State-County\Published Maps\NC_State_County_Boundary_NAD83-86.shp</onlink></citeinfo></citation><descript><abstract>Shape file representing the boundaries of the State of North Carolina and it's Counties.</abstract><purpose>Define the state and county boundary locations for North Carolina</purpose></descript><timeperd><current>publication date</current><timeinfo><sngdate><caldate>20111130</caldate></sngdate></timeinfo></timeperd><status><progress>In work</progress><update>As needed</update></status><accconst>None.</accconst><useconst>None. Please check sources, scale, accuracy, currentness and other available information. Please confirm that you are using the most recent copy of both data and metadata.  Acknowledgement of the EPA would be appreciated.</useconst><secinfo><secsys>FIPS Pub 199</secsys><secclass>No Confidentiality</secclass><sechandl>Standard Technical Controls</sechandl></secinfo><ptcontac><cntinfo><cntperp><cntorg>North Carolina Geodetic Survey</cntorg><cntper>Steven Kaufman</cntper></cntperp><cntpos>GIS Manager</cntpos><cntaddr><addrtype>mailing address</addrtype><address>4298 MSC, Raleigh, NC 27699-4298</address><address>512 N. Salisbury</address><city>Raleigh</city><state>NC</state><postal>27607</postal></cntaddr><cntvoice>919-733-3836</cntvoice><cntfax>919-733-4407</cntfax><cntemail>steve.kaufman@ncdps.gov</cntemail><cntinst>http://www.ncgs.state.nc.us</cntinst></cntinfo></ptcontac><spdom><bounding><westbc>-84.422111</westbc><eastbc>-75.416034</eastbc><northbc>36.617257</northbc><southbc>33.730557</southbc></bounding></spdom></idinfo><dataqual><logic>Tests for integrity have not been performed.</logic><complete>Features have been checked for completeness</complete><posacc><horizpa><horizpar>Data were collected using various methods of varying accuracy. Majority of data was obtained from NC Department of Transportation that inculded scaled data from USGS quadrangles as well as some ground survey information. North Carolina Geodetic Survey verified and updated any of the lines that have been surveyed and approved by the respective counties.</horizpar></horizpa></posacc><lineage><procstep><procdate>20111128</procdate><procdesc>Create topology from boundary lines in autocad.</procdesc></procstep></lineage></dataqual><metainfo><metd>20111130</metd><metfrd>20151130</metfrd><metstdn>FGDC Content Standard for Digital Geospatial Metadata</metstdn><metstdv>FGDC-STD-001-1998</metstdv><metc><cntinfo><cntperp><cntorg>North Carolina Geodetic Survey</cntorg><cntper>Steven Kaufman</cntper></cntperp><cntpos>GIS Manager</cntpos><cntaddr><addrtype>mailing address</addrtype><address>20323 MSC, Raleigh, NC 27699-0323</address><address>512 N. Salisbury</address><city>Raleigh</city><state>NC</state><postal>27604</postal></cntaddr><cntvoice>919-733-3836</cntvoice><cntfax>919-733-4407</cntfax><cntemail>steve.kaufman@ncdenr.gov</cntemail><cntinst>http://www.ncgs.state.nc.us</cntinst></cntinfo></metc></metainfo><distinfo><distliab>Although these data have been processed successfully on a computer system at the NC Geodetic Survey, no warranty expressed or implied is made regarding the accuracy or utility of the data on any other system or for general or scientific purposes, nor shall the act of distribution constitute any such warranty. It is also strongly recommended that careful attention be paid to the contents of the metadata file associated with these data to evaluate data set limitations, restrictions or intended use. The NC Geodetic Survey shall not be held liable for improper or incorrect use of the data described</distliab><resdesc>Downloadable Data</resdesc><distrib><cntinfo><cntorgp><cntorg>North Carolina Geodetic Survey</cntorg><cntper>Steven Kaufman</cntper></cntorgp><cntpos>GIS Manager</cntpos><cntaddr><addrtype>mailing address</addrtype><address>20323 MSC, Raleigh, NC 27699-0323</address><address>512 N. Salisbury</address><city>Raleigh</city><state>NC</state><postal>27604</postal></cntaddr><cntvoice>919-733-3836</cntvoice><cntfax>919-733-4407</cntfax><cntemail>steve.kaufman@ncdenr.gov</cntemail><cntinst>http://www.ncgs.state.nc.us</cntinst></cntinfo></distrib></distinfo><eainfo><detailed Name="NC_State_County_Boundary_NAD832011"><enttyp><enttypds>NCGS</enttypds><enttypl>NC_State_County_Boundary_NAD83HARN</enttypl><enttypt Sync="TRUE">Feature Class</enttypt><enttypc Sync="TRUE">100</enttypc></enttyp><attr><attrlabl>FID</attrlabl><attrdef>Internal feature number.</attrdef><attrdefs>Esri</attrdefs><attrdomv><udom>Sequential unique whole numbers that are automatically generated.</udom></attrdomv><attalias Sync="TRUE">FID</attalias><attrtype Sync="TRUE">OID</attrtype><attwidth Sync="TRUE">4</attwidth><atprecis Sync="TRUE">0</atprecis><attscale Sync="TRUE">0</attscale></attr><attr><attrlabl>OBJECTID_1</attrlabl><attrdef>Internal feature number.</attrdef><attrdefs>Esri</attrdefs><attrdomv><udom>Sequential unique whole numbers that are automatically generated.</udom></attrdomv><attalias Sync="TRUE">OBJECTID_1</attalias><attrtype Sync="TRUE">Double</attrtype><attwidth Sync="TRUE">10</attwidth><atprecis Sync="TRUE">10</atprecis><attscale Sync="TRUE">0</attscale></attr><attr><attrlabl>OBJECTID</attrlabl><attrdef>Internal feature number.</attrdef><attrdefs>ESRI</attrdefs><attrdomv><udom>Sequential unique whole numbers that are automatically generated.</udom></attrdomv><attalias Sync="TRUE">OBJECTID</attalias><attrtype Sync="TRUE">Double</attrtype><attwidth Sync="TRUE">10</attwidth><atprecis Sync="TRUE">10</atprecis><attscale Sync="TRUE">0</attscale></attr><attr><attrlabl Sync="TRUE">OBJECTID_2</attrlabl><attalias Sync="TRUE">OBJECTID_2</attalias><attrtype Sync="TRUE">Double</attrtype><attwidth Sync="TRUE">10</attwidth><atprecis Sync="TRUE">10</atprecis><attscale Sync="TRUE">0</attscale></attr><attr><attrlabl>Shape</attrlabl><attrdef>Feature geometry.</attrdef><attrdefs>ESRI</attrdefs><attrdomv><udom>Coordinates defining the features.</udom></attrdomv><attalias Sync="TRUE">Shape</attalias><attrtype Sync="TRUE">Geometry</attrtype><attwidth Sync="TRUE">0</attwidth><atprecis Sync="TRUE">0</atprecis><attscale Sync="TRUE">0</attscale></attr><attr><attrlabl>County</attrlabl><attrdef>North Carolina County Name</attrdef><attrdefs>NCGS</attrdefs><attalias Sync="TRUE">County</attalias><attrtype Sync="TRUE">String</attrtype><attwidth Sync="TRUE">40</attwidth><atprecis Sync="TRUE">0</atprecis><attscale Sync="TRUE">0</attscale></attr><attr><attrlabl>FIPS</attrlabl><attrdef>Federal FIPS code from 1 to 199 for each county but not the same order as the DOT-CODE because it puts McDowell County is before 4 counties (Macon, Madison, Martin, &amp; Mecklenburg)</attrdef><attrdefs>NCDOT</attrdefs><attalias Sync="TRUE">FIPS</attalias><attrtype Sync="TRUE">Integer</attrtype><attwidth Sync="TRUE">5</attwidth><atprecis Sync="TRUE">5</atprecis><attscale Sync="TRUE">0</attscale></attr><attr><attrlabl>Rec_Survey</attrlabl><attrdef>Indicates if any modern survery information recorded with the county. If information is available, please visit www.ncgs.state.nc for detailed information.</attrdef><attrdefs>NCGS</attrdefs><attalias Sync="TRUE">Rec_Survey</attalias><attrtype Sync="TRUE">String</attrtype><attwidth Sync="TRUE">150</attwidth><atprecis Sync="TRUE">0</atprecis><attscale Sync="TRUE">0</attscale></attr><attr><attrlabl>NCGS_url</attrlabl><attrdef>Direct url to online map at North Carolina Geodetic Survey that contains information on where to find recorded survey maps for county and state lines. No value is present if there is no recorded information.</attrdef><attrdefs>NCGS</attrdefs><attalias Sync="TRUE">NCGS_url</attalias><attrtype Sync="TRUE">String</attrtype><attwidth Sync="TRUE">100</attwidth><atprecis Sync="TRUE">0</atprecis><attscale Sync="TRUE">0</attscale></attr><attr><attrlabl>ck_date</attrlabl><attrdef>Date of last review or update.</attrdef><attrdefs>NCGS</attrdefs><attalias Sync="TRUE">ck_date</attalias><attrtype Sync="TRUE">Date</attrtype><attwidth Sync="TRUE">8</attwidth><atprecis Sync="TRUE">0</atprecis><attscale Sync="TRUE">0</attscale></attr><attr><attrlabl>Area_mi_sq</attrlabl><attrdef>County area in Square Miles</attrdef><attrdefs>NCGS</attrdefs><attalias Sync="TRUE">Area_mi_sq</attalias><attrtype Sync="TRUE">Double</attrtype><attwidth Sync="TRUE">19</attwidth><atprecis Sync="TRUE">0</atprecis><attscale Sync="TRUE">0</attscale></attr><attr><attrlabl>Shape_Leng</attrlabl><attalias Sync="TRUE">Shape_Leng</attalias><attrtype Sync="TRUE">Double</attrtype><attwidth Sync="TRUE">19</attwidth><atprecis Sync="TRUE">0</atprecis><attscale Sync="TRUE">0</attscale></attr><attr><attrlabl>Shape_Le_1</attrlabl><attalias Sync="TRUE">Shape_Le_1</attalias><attrtype Sync="TRUE">Double</attrtype><attwidth Sync="TRUE">19</attwidth><atprecis Sync="TRUE">0</atprecis><attscale Sync="TRUE">0</attscale></attr><attr><attrlabl Sync="TRUE">Shape_Le_2</attrlabl><attalias Sync="TRUE">Shape_Le_2</attalias><attrtype Sync="TRUE">Double</attrtype><attwidth Sync="TRUE">19</attwidth><atprecis Sync="TRUE">0</atprecis><attscale Sync="TRUE">0</attscale></attr><attr><attrlabl>Shape_Area</attrlabl><attrdef>Area of feature in internal units squared.</attrdef><attrdefs>ESRI</attrdefs><attrdomv><udom>Positive real numbers that are automatically generated.</udom></attrdomv><attalias Sync="TRUE">Shape_Area</attalias><attrtype Sync="TRUE">Double</attrtype><attwidth Sync="TRUE">19</attwidth><atprecis Sync="TRUE">0</atprecis><attscale Sync="TRUE">0</attscale></attr></detailed><overview><eaover>County boundary polygons</eaover><eadetcit>North Carolina Geodetic Survey</eadetcit></overview></eainfo><spref><horizsys><planar><planci><plance>coordinate pair</plance><coordrep><absres>0.000000027498425758665238</absres><ordres>0.000000027498425758665238</ordres></coordrep><plandu>Foot_US</plandu></planci></planar><geodetic><horizdn>D North American 1983</horizdn><ellips>GRS 1980</ellips><semiaxis>6378137.0</semiaxis><denflat>298.2572221</denflat></geodetic></horizsys></spref><mdLang><languageCode value="eng"/><countryCode value="USA"/></mdLang><mdChar><CharSetCd value="004"/></mdChar><mdHrLv><ScopeCd value="005"/></mdHrLv><mdContact xmlns=""><rpIndName>Steven Kaufman</rpIndName><rpOrgName>North Carolina Geodetic Survey</rpOrgName><rpPosName>GIS Manager</rpPosName><rpCntInfo><cntPhone><voiceNum>919-733-3836</voiceNum><faxNum>919-733-4407</faxNum></cntPhone><cntAddress addressType="postal"><delPoint>512 N. Salisbury</delPoint><delPoint>20323 MSC, Raleigh, NC 27699-0323</delPoint><city>Raleigh</city><adminArea>NC</adminArea><postCode>27604</postCode><eMailAdd>steve.kaufman@ncdenr.gov</eMailAdd></cntAddress><cntInstr>http://www.ncgs.state.nc.us</cntInstr></rpCntInfo><role><RoleCd value="007"/></role></mdContact><mdDateSt>20150109</mdDateSt><distInfo xmlns=""><distributor xmlns=""><distorCont xmlns=""><rpIndName>Steven Kaufman</rpIndName><rpOrgName>North Carolina Geodetic Survey</rpOrgName><rpPosName>GIS Manager</rpPosName><rpCntInfo xmlns=""><cntPhone><voiceNum tddtty="">919-733-3836</voiceNum><faxNum>919-733-4407</faxNum></cntPhone><cntAddress addressType="postal"><delPoint>4298 MSC Raleigh, NC 27699-4298</delPoint><delPoint>4105 Reedy Creek Road</delPoint><city>Raleigh</city><adminArea>NC</adminArea><postCode>27607</postCode><eMailAdd>steve.kaufman@ncdps.gov</eMailAdd></cntAddress><cntInstr>http://www.ncgs.state.nc.us</cntInstr></rpCntInfo><role><RoleCd value="005"/></role></distorCont></distributor><distTranOps xmlns=""><onLineSrc><linkage>file://\\NRDLR11\vol2\Share\GEOD\OFFICIAL BASE Map State-County\Published Maps\NC_State_County_Boundary_NAD83-86.shp</linkage></onLineSrc><transSize>9.615</transSize></distTranOps><distFormat xmlns=""><formatName>Shapefile</formatName></distFormat></distInfo><dataIdInfo><idCitation xmlns=""><resTitle>North Carolina State and County Boundary Lines</resTitle><date><pubDate>2011-11-30</pubDate></date><citRespParty xmlns=""><rpOrgName>North Carolina Geodetic Survey</rpOrgName><role><RoleCd value="006"/></role></citRespParty><citRespParty xmlns=""><rpOrgName>North Carolina Geodetic Survey</rpOrgName><rpCntInfo><cntAddress><delPoint>Raleigh, NC</delPoint></cntAddress></rpCntInfo><role><RoleCd value="010"/></role></citRespParty><presForm xmlns=""><PresFormCd value="005"/></presForm></idCitation><idAbs>&lt;DIV STYLE="text-align:Left;"&gt;&lt;DIV&gt;&lt;DIV&gt;&lt;P&gt;&lt;SPAN&gt;Shape file representing the boundaries of the State of North Carolina and it's Counties.&lt;/SPAN&gt;&lt;/P&gt;&lt;/DIV&gt;&lt;/DIV&gt;&lt;/DIV&gt;</idAbs><idPurp>Define the state and county boundary locations for North Carolina</idPurp><idStatus><ProgCd value="007"/></idStatus><idPoC xmlns=""><rpIndName>Steven Kaufman</rpIndName><rpOrgName>North Carolina Geodetic Survey</rpOrgName><rpPosName>GIS Manager</rpPosName><rpCntInfo xmlns=""><cntPhone><voiceNum tddtty="">919-733-3836</voiceNum><faxNum>919-733-4407</faxNum></cntPhone><cntAddress addressType="postal"><delPoint>4298 MSC, Raleigh, NC 27699-4298</delPoint><delPoint>4105 Reedy Creek Road</delPoint><city>Raleigh</city><adminArea>NC</adminArea><postCode>27607</postCode><eMailAdd>steve.kaufman@ncdps.gov</eMailAdd></cntAddress><cntInstr>http://www.ncgs.state.nc.us</cntInstr></rpCntInfo><role><RoleCd value="007"/></role></idPoC><resMaint xmlns=""><maintFreq><MaintFreqCd value="009"/></maintFreq></resMaint><placeKeys xmlns=""><keyword>United States</keyword><keyword>North Carolina</keyword></placeKeys><themeKeys xmlns=""><thesaName><resTitle>User</resTitle></thesaName></themeKeys><themeKeys xmlns=""><thesaName><resTitle>EPA GIS Keyword Thesaurus</resTitle></thesaName><keyword>base map</keyword></themeKeys><themeKeys xmlns=""><thesaName><resTitle>ISO 19115 Topic Category</resTitle></thesaName><keyword>boundaries</keyword></themeKeys><searchKeys><keyword>United States</keyword><keyword>base map</keyword><keyword>North Carolina</keyword><keyword>boundaries</keyword></searchKeys><resConst><LegConsts xmlns=""><useLimit>Although these data have been processed successfully on a computer system at the NC Geodetic Survey, no warranty expressed or implied is made regarding the accuracy or utility of the data on any other system or for general or scientific purposes, nor shall the act of distribution constitute any such warranty. It is also strongly recommended that careful attention be paid to the contents of the metadata file associated with these data to evaluate data set limitations, restrictions or intended use. The NC Geodetic Survey shall not be held liable for improper or incorrect use of the data described</useLimit></LegConsts></resConst><resConst><SecConsts xmlns=""><classSys>FIPS Pub 199</classSys><handDesc>Standard Technical Controls</handDesc></SecConsts></resConst><resConst><Consts xmlns=""><useLimit>&lt;DIV STYLE="text-align:Left;"&gt;&lt;DIV&gt;&lt;DIV&gt;&lt;P&gt;&lt;SPAN&gt;None. Please check sources, scale, accuracy, currentness and other available information. Please confirm that you are using the most recent copy of both data and metadata. Acknowledgement of the EPA would be appreciated.&lt;/SPAN&gt;&lt;/P&gt;&lt;/DIV&gt;&lt;/DIV&gt;&lt;/DIV&gt;</useLimit></Consts></resConst><dataLang><languageCode value="eng"/><countryCode value="USA"/></dataLang><dataExt xmlns=""><exDesc>publication date</exDesc><tempEle><TempExtent><exTemp><TM_Instant><tmPosition>2011-11-30</tmPosition></TM_Instant></exTemp></TempExtent></tempEle></dataExt><dataExt xmlns=""><geoEle><GeoBndBox><westBL>-84.422111</westBL><eastBL>-75.416034</eastBL><southBL>33.730557</southBL><northBL>36.617257</northBL></GeoBndBox></geoEle></dataExt><envirDesc>Microsoft Windows 7 Version 6.1 (Build 7601) Service Pack 1; Esri ArcGIS 10.2.2.3552</envirDesc><spatRpType><SpatRepTypCd value="001"/></spatRpType><dataExt xmlns=""><geoEle xmlns=""><GeoBndBox esriExtentType="search"><exTypeCode>1</exTypeCode><westBL>-84.422109</westBL><eastBL>-75.416032</eastBL><northBL>36.617254</northBL><southBL>33.730554</southBL></GeoBndBox></geoEle></dataExt><dataChar><CharSetCd value="004"/></dataChar><tpCat><TopicCatCd value="003"/></tpCat></dataIdInfo><mdMaint xmlns=""><maintFreq><MaintFreqCd value="012"/></maintFreq><dateNext>2015-11-30T00:00:00</dateNext></mdMaint><dqInfo xmlns=""><dqScope><scpLvl><ScopeCd value="005"/></scpLvl></dqScope><report type="DQConcConsis" dimension="" xmlns=""><measDesc>Tests for integrity have not been performed.</measDesc></report><report type="DQCompOm" dimension="" xmlns=""><measDesc>Features have been checked for completeness</measDesc></report><report type="DQAbsExtPosAcc" dimension="horizontal" xmlns=""><measDesc>Data were collected using various methods of varying accuracy. Majority of data was obtained from NC Department of Transportation that inculded scaled data from USGS quadrangles as well as some ground survey information. North Carolina Geodetic Survey verified and updated any of the lines that have been surveyed and approved by the respective counties.</measDesc></report><dataLineage><prcStep xmlns=""><stepDesc>Create topology from boundary lines in autocad.</stepDesc><stepDateTm>2011-11-28</stepDateTm></prcStep></dataLineage></dqInfo><mdHrLvName>dataset</mdHrLvName><refSysInfo><RefSystem><refSysID><identCode code="3404"/><idCodeSpace>EPSG</idCodeSpace><idVersion>8.2.6</idVersion></refSysID></RefSystem></refSysInfo><spatRepInfo><VectSpatRep><geometObjs Name="NC_State_County_Boundary_NAD832011"><geoObjTyp><GeoObjTypCd value="002" Sync="TRUE"></GeoObjTypCd></geoObjTyp><geoObjCnt Sync="TRUE">100</geoObjCnt></geometObjs><topLvl><TopoLevCd value="001" Sync="TRUE"></TopoLevCd></topLvl></VectSpatRep></spatRepInfo><Esri><scaleRange><minScale>150000000</minScale><maxScale>5000</maxScale></scaleRange><DataProperties><itemProps><imsContentType export="False"/><itemLocation><linkage Sync="TRUE">file://\\sbegis03\$shapefiles$\SBE_Boundaries\GIS_Shapefiles\NC_State_County_Boundary_NAD83_NC_SP_Feet_2017</linkage><protocol Sync="TRUE">Local Area Network</protocol></itemLocation><itemName Sync="TRUE">NC_State_County_Boundary_NAD832011</itemName><nativeExtBox><westBL Sync="TRUE">406832.617203</westBL><eastBL Sync="TRUE">3052480.011593</eastBL><southBL Sync="TRUE">34987.933500</southBL><northBL Sync="TRUE">1043624.399490</northBL><exTypeCode Sync="TRUE">1</exTypeCode></nativeExtBox><itemSize Sync="TRUE">9.401</itemSize></itemProps><lineage><Process ToolSource="c:\program files (x86)\arcgis\desktop10.4\ArcToolbox\Toolboxes\Data Management Tools.tbx\Project" Date="20170707" Time="164825">Project NC_State_County_Boundary_NAD83HARN C:\Users\wwross\Desktop\state_boundary_files_to_vcl\NC_State_County_Boundary_NAD832011.shp PROJCS['NAD_1983_2011_StatePlane_North_Carolina_FIPS_3200_Ft_US',GEOGCS['GCS_NAD_1983_2011',DATUM['D_NAD_1983_2011',SPHEROID['GRS_1980',6378137.0,298.257222101]],PRIMEM['Greenwich',0.0],UNIT['Degree',0.0174532925199433]],PROJECTION['Lambert_Conformal_Conic'],PARAMETER['False_Easting',2000000.0],PARAMETER['False_Northing',0.0],PARAMETER['Central_Meridian',-79.0],PARAMETER['Standard_Parallel_1',34.33333333333334],PARAMETER['Standard_Parallel_2',36.16666666666666],PARAMETER['Latitude_Of_Origin',33.75],UNIT['Foot_US',0.3048006096012192]] 'NAD_1983_HARN_To_NSRS2007_GEOCON_CONUS + NAD_1983_NSRS2007_To_2011_GEOCON11_CONUS' PROJCS['NAD_1983_HARN_StatePlane_North_Carolina_FIPS_3200_Feet',GEOGCS['GCS_North_American_1983_HARN',DATUM['D_North_American_1983_HARN',SPHEROID['GRS_1980',6378137.0,298.257222101]],PRIMEM['Greenwich',0.0],UNIT['Degree',0.0174532925199433]],PROJECTION['Lambert_Conformal_Conic'],PARAMETER['False_Easting',2000000.0],PARAMETER['False_Northing',0.0],PARAMETER['Central_Meridian',-79.0],PARAMETER['Standard_Parallel_1',34.33333333333334],PARAMETER['Standard_Parallel_2',36.16666666666666],PARAMETER['Latitude_Of_Origin',33.75],UNIT['Foot_US',0.3048006096012192]],VERTCS['NAVD_1988',VDATUM['North_American_Vertical_Datum_1988'],PARAMETER['Vertical_Shift',0.0],PARAMETER['Direction',1.0],UNIT['Meter',1.0]] NO_PRESERVE_SHAPE # NO_VERTICAL</Process><Process ToolSource="c:\program files (x86)\arcgis\desktop10.1\ArcToolbox\Toolboxes\Data Management Tools.tbx\Project" Date="20170901" Time="130845">Project NC_State_County_Boundary_NAD832011 C:\NCSBE\CountyData\NC_State_County_Boundary_NAD83_NC_SP_Feet_2017.shp PROJCS['NAD_1983_StatePlane_North_Carolina_FIPS_3200_Feet',GEOGCS['GCS_North_American_1983',DATUM['D_North_American_1983',SPHEROID['GRS_1980',6378137.0,298.257222101]],PRIMEM['Greenwich',0.0],UNIT['Degree',0.0174532925199433]],PROJECTION['Lambert_Conformal_Conic'],PARAMETER['False_Easting',2000000.002616666],PARAMETER['False_Northing',0.0],PARAMETER['Central_Meridian',-79.0],PARAMETER['Standard_Parallel_1',34.33333333333334],PARAMETER['Standard_Parallel_2',36.16666666666666],PARAMETER['Latitude_Of_Origin',33.75],UNIT['Foot_US',0.3048006096012192]] 'WGS_1984_(ITRF08)_To_NAD_1983_2011 + WGS_1984_(ITRF00)_To_NAD_1983' PROJCS['NAD_1983_2011_StatePlane_North_Carolina_FIPS_3200_Ft_US',GEOGCS['GCS_NAD_1983_2011',DATUM['D_NAD_1983_2011',SPHEROID['GRS_1980',6378137.0,298.257222101]],PRIMEM['Greenwich',0.0],UNIT['Degree',0.0174532925199433]],PROJECTION['Lambert_Conformal_Conic'],PARAMETER['False_Easting',2000000.0],PARAMETER['False_Northing',0.0],PARAMETER['Central_Meridian',-79.0],PARAMETER['Standard_Parallel_1',34.33333333333334],PARAMETER['Standard_Parallel_2',36.16666666666666],PARAMETER['Latitude_Of_Origin',33.75],UNIT['Foot_US',0.3048006096012192]]</Process></lineage><coordRef><type Sync="TRUE">Projected</type><geogcsn Sync="TRUE">GCS_NAD_1983_2011</geogcsn><csUnits Sync="TRUE">Linear Unit: Foot_US (0.304801)</csUnits><projcsn Sync="TRUE">NAD_1983_2011_StatePlane_North_Carolina_FIPS_3200_Ft_US</projcsn><peXml Sync="TRUE">&lt;ProjectedCoordinateSystem xsi:type='typens:ProjectedCoordinateSystem' xmlns:xsi='http://www.w3.org/2001/XMLSchema-instance' xmlns:xs='http://www.w3.org/2001/XMLSchema' xmlns:typens='http://www.esri.com/schemas/ArcGIS/10.1'&gt;&lt;WKT&gt;PROJCS[&amp;quot;NAD_1983_2011_StatePlane_North_Carolina_FIPS_3200_Ft_US&amp;quot;,GEOGCS[&amp;quot;GCS_NAD_1983_2011&amp;quot;,DATUM[&amp;quot;D_NAD_1983_2011&amp;quot;,SPHEROID[&amp;quot;GRS_1980&amp;quot;,6378137.0,298.257222101]],PRIMEM[&amp;quot;Greenwich&amp;quot;,0.0],UNIT[&amp;quot;Degree&amp;quot;,0.0174532925199433]],PROJECTION[&amp;quot;Lambert_Conformal_Conic&amp;quot;],PARAMETER[&amp;quot;False_Easting&amp;quot;,2000000.0],PARAMETER[&amp;quot;False_Northing&amp;quot;,0.0],PARAMETER[&amp;quot;Central_Meridian&amp;quot;,-79.0],PARAMETER[&amp;quot;Standard_Parallel_1&amp;quot;,34.33333333333334],PARAMETER[&amp;quot;Standard_Parallel_2&amp;quot;,36.16666666666666],PARAMETER[&amp;quot;Latitude_Of_Origin&amp;quot;,33.75],UNIT[&amp;quot;Foot_US&amp;quot;,0.3048006096012192]]&lt;/WKT&gt;&lt;XOrigin&gt;-121841900&lt;/XOrigin&gt;&lt;YOrigin&gt;-93659000&lt;/YOrigin&gt;&lt;XYScale&gt;36365718.124241434&lt;/XYScale&gt;&lt;ZOrigin&gt;-100000&lt;/ZOrigin&gt;&lt;ZScale&gt;10000&lt;/ZScale&gt;&lt;MOrigin&gt;-100000&lt;/MOrigin&gt;&lt;MScale&gt;10000&lt;/MScale&gt;&lt;XYTolerance&gt;0.0032808333333333331&lt;/XYTolerance&gt;&lt;ZTolerance&gt;0.001&lt;/ZTolerance&gt;&lt;MTolerance&gt;0.001&lt;/MTolerance&gt;&lt;HighPrecision&gt;true&lt;/HighPrecision&gt;&lt;/ProjectedCoordinateSystem&gt;</peXml></coordRef><copyHistory><copy source="C:\NCSBE\CountyData\NC_State_County_Boundary_NAD83_NC_SP_Feet_2017" dest="\\sbegis03\$shapefiles$\SBE_Boundaries\GIS_Shapefiles\NC_State_County_Boundary_NAD83_NC_SP_Feet_2017" date="20170901" time="14541600"></copy></copyHistory></DataProperties><ArcGISFormat>1.0</ArcGISFormat><ArcGISProfile>FGDC</ArcGISProfile><CreaDate>20170901</CreaDate><CreaTime>14541600</CreaTime><SyncOnce>FALSE</SyncOnce><SyncDate>20170901</SyncDate><SyncTime>08593200</SyncTime><ModDate>20170901</ModDate><ModTime>08593200</ModTime><ArcGISstyle>FGDC CSDGM Metadata</ArcGISstyle></Esri><spdoinfo><ptvctinf><esriterm Name="NC_State_County_Boundary_NAD832011"><efeatyp Sync="TRUE">Simple</efeatyp><efeageom code="4" Sync="TRUE"></efeageom><esritopo Sync="TRUE">FALSE</esritopo><efeacnt Sync="TRUE">100</efeacnt><spindex Sync="TRUE">TRUE</spindex><linrefer Sync="TRUE">FALSE</linrefer></esriterm></ptvctinf></spdoinfo></metadata>
